rumor_id	representative_id	variation_ids	popularity	veracity	propagator_ids	stifler_ids
0	793909545445822465	[793909545445822465]	137	0.233165	[4664205616]	[17082848]
1	793909472087285760	[793909472087285760]	875	0.689992	[1339086078]	[304861372]
2	793909457889685504	[793909457889685504]	670	0.69754	[218857689]	[419927046]
3	793909431675142144	[793909431675142144]	648	0.040403	[3918992189]	[2971619824]
4	793909352998531073	[793909352998531073]	136	0.991466	[47567626]	[286249825]
5	793909296979447808	[793909296979447808]	276	0.159871	[505951105]	[346708565]
6	793909192142782465	[793909192142782465]	429	0.278059	[322054650]	[704298287726247000]
7	793909177617879040	[793909177617879040]	480	0.275861	[241940246]	[35704979]
8	793909161138552833	[793909161138552833]	432	0.151161	[19509514]	[708236253720928000]
9	793909154880577536	[793909154880577536]	439	0.920261	[19441933]	[2851539231]
10	793909116011945984	[793909116011945984]	232	0.232074	[2733816872]	[3003162713]
11	793909114627842052	[793909114627842052]	582	0.730208	[219258266]	[712939219]
12	793909068628946944	[793909068628946944]	737	0.652124	[1652897768]	[1057930387]
13	793909040690724864	[793909040690724864]	253	0.589288	[409119091]	[748743165411151000]
14	793908987418800128	[793908987418800128]	227	0.089872	[88059720]	[2813049204]
15	793908963347668992	[793908963347668992]	808	0.318203	[200659435]	[526817958]
16	793908938328547328	[793908938328547328]	195	0.797979	[700325606]	[376399949]
17	793908934667034624	[793908934667034624]	969	0.622781	[304975048]	[20632425]
18	793908928753041408	[793908928753041408]	700	0.118998	[19104623]	[3402637000]
19	793908925536043008	[793908925536043008]	464	0.425155	[968785651]	[4807306582]
20	793908914962259972	[793908914962259972]	903	0.789429	[450567326]	[3393348447]
21	793908874516365312	[793908874516365312]	445	0.634092	[1720117201]	[101541188]
22	793908856011259904	[793908856011259904]	957	0.723734	[723251650174017000]	[19104623]
23	793908823002079233	[793908823002079233]	893	0.172809	[98471139]	[772109849861709000]
24	793908811446747137	[793908811446747137]	920	0.496632	[18446493]	[433366200]
25	793908738914709504	[793908738914709504]	716	0.004588	[13391882]	[509212441]
26	793908719310540800	[793908719310540800]	472	0.238983	[770197184256049000]	[298994139]
27	793908705762873346	[793908705762873346]	723	0.733879	[1635105781]	[3360948609]
28	793908592051118080	[793908592051118080]	183	0.351674	[136994692]	[17082848]
29	793908554512134150	[793908554512134150]	251	0.54977	[251197432]	[268391975]
30	793908501038960642	[793908501038960642]	232	0.940465	[273897969]	[87300191]
31	793908469267066880	[793908469267066880]	551	0.870795	[47332651]	[2967915124]
32	793908468755402753	[793908468755402753]	729	0.436977	[1316721312]	[106198534]
33	793908432692731904	[793908432692731904]	738	0.132231	[2673238363]	[155958876]
34	793908414518796288	[793908414518796288]	179	0.98318	[75220833]	[770691959321137000]
35	793908399045914624	[793908399045914624]	841	0.624555	[2354347587]	[67552497]
36	793908374442217472	[793908374442217472]	130	0.114063	[708258137661431000]	[478040862]
37	793908351755284480	[793908351755284480]	656	0.274352	[304601634]	[3470455464]
38	793908345870618624	[793908345870618624]	189	0.388651	[265962961]	[785490489923493000]
39	793908301360758785	[793908301360758785]	846	0.122767	[483070118]	[20457046]
40	793908249653186560	[793908249653186560]	948	0.082163	[400019252]	[734927609335812000]
41	793908216216358912	[793908216216358912]	212	0.902174	[2792640139]	[2759833038]
42	793908159714828288	[793908159714828288]	641	0.708341	[960747942]	[1676904229]
43	793908142425923584	[793908142425923584]	768	0.376666	[25967320]	[322629395]
44	793908133911560196	[793908133911560196]	566	0.687595	[144827236]	[4781209639]
45	793908082497691649	[793908082497691649]	744	0.654139	[626157044]	[4538223857]
46	793908078576017408	[793908078576017408]	991	0.030675	[179876413]	[21386462]
47	793908052156178433	[793908052156178433]	518	0.571544	[22620555]	[292758442]
48	793908040722415617	[793908040722415617]	493	0.004047	[4824370102]	[26909348]
49	793908037077565440	[793908037077565440]	852	0.420335	[426005808]	[269546641]
50	793908036414935040	[793908036414935040]	992	0.320808	[265814274]	[6361512]
51	793908023559213056	[793908023559213056]	391	0.521215	[124184452]	[16315104]
52	793908012171788288	[793908012171788288]	197	0.437227	[26909348]	[86241025]
53	793907977803759616	[793907977803759616]	169	0.647433	[127181267]	[428909820]
54	793907958627328001	[793907958627328001]	968	0.026172	[836976746]	[186157750]
55	793907931905392641	[793907931905392641]	370	0.074028	[740318593234161000]	[21490014]
56	793907929229524992	[793907929229524992]	180	0.733429	[6749452]	[2977900810]
57	793907906525728768	[793907906525728768]	906	0.900172	[5967972]	[718971764]
58	793907901286981632	[793907901286981632]	493	0.305233	[3001471726]	[1893861398]
59	793907820877885444	[793907820877885444]	425	0.801256	[153526251]	[626325848]
60	793907817660968960	[793907817660968960]	120	0.611496	[53039729]	[2330883598]
61	793907776502235138	[793907776502235138]	649	0.807754	[2683210415]	[191591467]
62	793907763994828800	[793907763994828800]	785	0.56391	[637101726]	[2866684139]
63	793907749402841092	[793907749402841092]	997	0.804694	[20547642]	[83567424]
64	793907734223650816	[793907734223650816]	111	0.067431	[74690148]	[1127879827]
65	793907692242894848	[793907692242894848]	801	0.418238	[28082856]	[174792159]
66	793907665802067973	[793907665802067973]	447	0.52446	[220671535]	[1320007608]
67	793907656712781824	[793907656712781824]	280	0.571054	[35741698]	[23732525]
68	793907643219836928	[793907643219836928]	124	0.11399	[19885888]	[271027841]
69	793907625473798144	[793907625473798144]	524	0.095258	[30203520]	[748693568978505000]
70	793907600026923009	[793907600026923009]	820	0.393965	[3158800911]	[3266673671]
71	793907592070361090	[793907592070361090]	692	0.78262	[101465632]	[2221525081]
72	793907569559560192	[793907569559560192]	102	0.782271	[12592522]	[352997492]
73	793907537561133057	[793907537561133057]	283	0.409383	[3412009822]	[9013182]
74	793907528832868357	[793907528832868357]	576	0.804971	[623984765]	[138085968]
75	793907505768329216	[793907505768329216]	260	0.414028	[766654939141668000]	[329600798]
76	793907501859213312	[793907501859213312]	798	0.872715	[790479396155121000]	[3068106785]
77	793907494850596864	[793907494850596864]	662	0.599667	[2579743999]	[297341251]
78	793907474701115394	[793907474701115394]	570	0.66655	[33442666]	[131225476]
79	793907431793430532	[793907431793430532]	990	0.673403	[279437316]	[712939219]
80	793907418216468481	[793907418216468481]	715	0.537453	[23820357]	[2243244008]
81	793907411505418241	[793907411505418241]	230	0.351549	[747177090345242000]	[2438753109]
82	793907400097067009	[793907400097067009]	350	0.856848	[3596682315]	[166505377]
83	793907299903471616	[793907299903471616]	899	0.85775	[781635015184703000]	[4844995744]
84	793907285047246848	[793907285047246848]	106	0.250607	[891017426]	[426005808]
85	793907258484604928	[793907258484604928]	436	0.588513	[40713876]	[311549242]
86	793907245180293120	[793907245180293120]	162	0.012007	[762337006257045000]	[34019215]
87	793907221977526272	[793907221977526272]	907	0.893183	[3166038078]	[36928388]
88	793907212351508480	[793907212351508480]	551	0.640343	[376399949]	[132925961]
89	793907172010754048	[793907172010754048]	627	0.00697	[747112729152987000]	[770908003822428000]
90	793907161868951552	[793907161868951552]	109	0.583086	[2572675230]	[1731301292]
91	793907143581761537	[793907143581761537]	710	0.61992	[4543434455]	[2768195631]
92	793907134341734401	[793907134341734401]	123	0.975112	[1565256427]	[27687745]
93	793907123386286080	[793907123386286080]	241	0.077268	[4538223857]	[14849850]
94	793907107712012288	[793907107712012288]	479	0.745526	[2415205070]	[477052929]
95	793907103509405700	[793907103509405700]	524	0.072994	[19898543]	[144565817]
96	793907089240367104	[793907089240367104]	899	0.047358	[426005808]	[2569019114]
97	793907084555411456	[793907084555411456]	575	0.092644	[2805269579]	[58030060]
98	793907048719286272	[793907048719286272]	591	0.172875	[1924986319]	[545952528]
99	793907040460627968	[793907040460627968]	147	0.121272	[20613714]	[49907035]
100	793906995145342976	[793906995145342976]	106	0.027328	[371252047]	[16973333]
101	793906967706234880	[793906967706234880]	384	0.126695	[269525231]	[93250210]
102	793906959007289345	[793906959007289345]	786	0.896753	[15184008]	[296493118]
103	793906957463613440	[793906957463613440]	425	0.104266	[1687089073]	[215293961]
104	793906917001297921	[793906917001297921]	216	0.535743	[29665672]	[141189166]
105	793906910219079680	[793906910219079680]	118	0.899885	[243108246]	[2179946109]
106	793909070495219712	[793909070495219712,793908677946314752]	379	0.302188	[711561843379212000,256586442]	[33827083]
107	793908601354158080	[793908601354158080,793908209098653697]	836	0.287783	[1763940602]	[60928769,747177090345242000]
108	793908377961259008	[793908377961259008,793907830856118272]	283	0.932096	[3159395719]	[3121679372]
109	793908873132437505	[793908873132437505,793907189245177856]	960	0.73485	[16973333]	[4298716648]
110	793907594620534784	[793907594620534784,793907480040448000]	623	0.895067	[4923561207,743080157154545000]	[1648133851]
111	793907170966396928	[793907170966396928,793907047746207745]	235	0.98304	[775248889935003000]	[77165594]
112	793909425522155521	[793909425522155521,793908880954822657]	924	0.763249	[302803145]	[75806520]
113	793909402420015104	[793909402420015104,793908416557223936]	483	0.945287	[312937032]	[2676721215,2369255125]
114	793908176252985344	[793908176252985344,793907783624167425]	684	0.552567	[29220492]	[105095609]
115	793909295939215360	[793909295939215360,793907723314327552,793907566917120004,793907276553781248]	659	0.434815	[743077290259709000]	[1891949672,1438189796,2699160330]
116	793908150403334144	[793908150403334144,793907934250016770,793907404438138880,793907323987173376]	367	0.197251	[407600515]	[2676721215,104489909]
117	793909088719601664	[793909088719601664,793907446569955328,793907413900488705,793906896377872384]	592	0.331922	[18678956]	[952075129,708258137661431000,3192197441,199706822]
118	793909518837149696	[793909518837149696,793909357608132609,793908907936772097,793907859390078982]	453	0.848011	[575880373,4866717149,577854784]	[711510442020102000,1295283162]
119	793909491570008064	[793909491570008064,793908999745839109,793908962131316736,793908955357609984,793908639736041472,793908518558396416,793908480402784256,793908463491481600]	509	0.998136	[305513234,966442706,160520186,237460628,748940974152355000,722011406,138085968,371701261]	[2993976664]
120	793906922902589440	[793908105373417473,793906922902589440]	872	0.282415	[757496051741974000,4543434455]	[762396908409253000]
121	793908043180367872	[793908043180367872,793909319519571968,793909304759902208,793909250691063810,793908939146555392]	117	0.125606	[1295283162,47193960]	[763243314422255000,15567071]
122	793907038413807617	[793907784538583040,793907038413807617]	281	0.205627	[1179723746,15160326]	[141189166]
123	793908102508711936	[793909024685223941,793908102508711936]	421	0.743865	[702715164,94928182]	[723093369342332000]
124	793908467186733057	[793908993571721216,793908467186733057]	105	0.461007	[24528762,1527190122]	[4825898833]
125	793907465662455808	[793907268295204868,793907465662455808,793908621780353024,793907891111624704]	868	0.576422	[750781552053878000,2928019319,111904484]	[283052856,200949979]
126	793908047815073793	[793908584484458496,793908047815073793]	942	0.360152	[718971764,19643448]	[18268159]
127	793909457986215936	[793909457986215936,793908895425105920]	516	0.995897	[1876202010]	[29520374,186045146]
128	793909440806195200	[793909558754349056,793909440806195200]	728	0.273262	[396096340,1197680280]	[2685342590]
129	793909335432761344	[793907149063749633,793909335432761344,793909143912472576]	722	0.254426	[12592522,241536196,781269157144854000]	[59532544]
130	793907005022957570	[793908044031754240,793907005022957570]	188	0.460571	[730361834948206000]	[1079183912,267973291]
131	793909199981928450	[793907729152765952,793909199981928450,793908515450523648,793908407199727616,793908313616449536]	737	0.431894	[462283477,31375837,729651409986191000,1394315468,2874869874]	[49396738]
132	793909465225564160	[793909465225564160,793909010000928773]	808	0.041307	[3131199478]	[923496786,715893065475629000]
133	793907138271805440	[793909097179602945,793907138271805440,793909549753401344,793908062566412288,793907908744515585,793907906240471040]	441	0.364446	[3131055880,106198534]	[34051662,394744423,16925753,3131199478,831170912]
134	793907196627214337	[793907434448388096,793907196627214337]	885	0.594498	[514299439]	[543372360]
135	793907229602766848	[793906972114427907,793908594815168513,793907229602766848]	973	0.221801	[455684057,178595022]	[15720929]
136	793907179145216004	[793907359437430785,793908064445489156,793908920515518465,793907179145216004]	159	0.40547	[150025021,713401163421495000,1122084528]	[4364784082,1516311044]
137	793907148279414784	[793908906150006785,793907148279414784]	458	0.462799	[744480047789146000]	[292619181,745277158235463000]
138	793907522172248065	[793908326035849216,793907522172248065]	123	0.098773	[2824391342]	[17678280,348717206]
139	793908779154862082	[793909293938536449,793908779154862082]	236	0.633699	[788442922375061000]	[237342647,1181352992]
140	793908343970664448	[793909094532931584,793908343970664448]	924	0.909779	[376399949]	[3281653858]
141	793909404802383872	[793908155117932545,793909497303531520,793909404802383872]	372	0.860286	[2805868628]	[2783958585]
142	793907398700326915	[793909421546045442,793907398700326915]	799	0.81855	[4875923319]	[2924971587]
143	793907390408196096	[793908428120920066,793907390408196096]	979	0.699035	[244526242]	[978465841,311549242]
144	793908124205748224	[793909008574738433,793908124205748224]	755	0.79575	[3362016513,243749258]	[2238456083]
145	793909454089678849	[793909454089678849,793908590977421312]	783	0.374866	[745549946472955000]	[887340002,58192496]
146	793908197610381312	[793908097290993664,793908815297208320,793908197610381312]	825	0.918692	[2578916053,18282047,335403584]	[707064043]
147	793907991598796800	[793907991598796800,793907972246208512]	798	0.545829	[734927609335812000]	[28193730]
148	793907146681376771	[793908386421145600,793907146681376771]	181	0.278679	[131225476,18340886]	[46543136]
149	793907988176125952	[793907420523266048,793907172782514177,793908926609776642,793907988176125952,793907803215757312,793909091877912576,793907590480691200]	186	0.347379	[292855562,351630233,700701537,717293835634745000]	[23732525,19815467,3303539129]
150	793907112648773632	[793908845408116736,793907112648773632]	116	0.310567	[3063241081,502189302]	[753570089094504000]
151	793906912697778176	[793908063673671684,793907630557261828,793906916342644736,793907376466358272,793907313665052672,793906912697778176,793907856521236480,793907830352846849,793907727470845952,793907601012654082,793907439196377088,793907204344672256]	892	0.610641	[28153563,1431070124,41614566,1295283162,109269283]	[790438236900425000,28082856,48030694,18020612,3131571730]
152	793909253660635136	[793909503196557313,793909253660635136]	543	0.819394	[336558514,79279200]	[546013181]
153	793909371348680704	[793909520892305408,793908806736551936,793909371348680704,793908983958532096,793907501238484994,793907426361679872,793907192948658176,793906983187320832,793908090534039552,793907978709528576,793907715655335936,793907597728415744,793908567749201920,793908378896564224,793908371216662528,793908220897042432]	727	0.821854	[1471519453,3461666362,276971021,215293961,162437804,1582926121,736156605365014000]	[700325606,167399649,261121513,210747105,2327960401,58030060,131746751,747883651,403392568,138162505]
154	793907958388318208	[793909242042482688,793907958388318208]	197	0.256854	[2356794366,615266821]	[388466131]
155	793907631345790976	[793908117553745921,793907631345790976]	444	0.501143	[1197680280,4130276039]	[704658518075379000]
156	793906910718259200	[793907125189738496,793906910718259200]	734	0.443592	[2299060173]	[3415756245,15996471]
157	793909488667365376	[793909488667365376,793907652967399424]	247	0.174145	[162493713]	[37168201]
158	793907285731016705	[793907285731016705,793907006939734017]	119	0.178193	[2571409351]	[466839587,29661514]
159	793908627006431232	[793909453309566978,793908627006431232]	867	0.536147	[1177420700,473241089]	[445690194]
160	793907346162548736	[793907575184101376,793907346162548736]	465	0.230874	[22829214,283592330]	[1075418120]
161	793908313947836416	[793907187844202496,793908313947836416,793907681228619776]	208	0.947732	[2799967928]	[4704802428,368769631,3341835089]
162	793908238563639297	[793908238563639297,793906957908402176]	961	0.643291	[731038483,420938460]	[126310017]
163	793908003804184576	[793909094004486144,793906906914033664,793907756860338176,793909484548722689,793908003804184576]	590	0.055385	[455995860,951267158,2751594014,1863001507]	[768133193291722000]
164	793908480746852352	[793908668781760512,793908945748430848,793908480746852352]	462	0.085658	[2521717647,178418353]	[296188478]
165	793908907487944705	[793908907487944705,793907914629062657]	662	0.175388	[2327875854]	[2511132193]
166	793906972923924480	[793907830927593472,793906972923924480,793906917240369152]	845	0.795927	[3038533441,172007655,363614463]	[4745204123]
167	793909101172432896	[793909101172432896,793908358164119552]	372	0.483757	[21656055,212273141]	[97759230]
168	793908002038411264	[793908712989679618,793908002038411264]	366	0.164205	[716378272725078000]	[265962961]
169	793908803255271427	[793908803255271427,793907835788812289]	443	0.885825	[19451664]	[763290040151732000]
170	793907742142566401	[793908293332762624,793909044918575109,793907742142566401]	712	0.307374	[3240354741,26088207,743077290259709000]	[47693163]
171	793908474786832388	[793908474786832388,793907130369794049,793909556795609090,793908304124805120]	791	0.605593	[3196660713,761325537935527000]	[113075421,88932029,2987358599]
172	793909302197100544	[793909302197100544,793908483917746176,793907316105973760,793907317435662336,793909294689292289,793907997554667520,793907624580378629,793907455747055616]	580	0.702138	[1434424694,711881270]	[744480047789146000,762100045625843000,2945358992,29199855,34093672,3419820196]
173	793907370795626497	[793908355085524992,793909347050987525,793907370795626497]	571	0.977243	[2517434106]	[430245429]
174	793909069589405696	[793909069589405696,793908206678347776,793906923858984960,793906897107591168,793907419663433728,793906992125513729]	268	0.943042	[200543096]	[703198058331254000,527469852,502189302,30268894,289852044,715536626479472000]
175	793909421483098114	[793909421483098114,793906952535416833]	678	0.448908	[21135715,173442798]	[164835982]
176	793907711708696576	[793907188624297984,793907070110199808,793909271499005952,793907711708696576,793907347731120132]	280	0.365824	[545952528,326142866,280327286,65461837,253031609]	[2386872595]
177	793908455039987712	[793908455039987712,793908223250235392,793907917342830592,793907733326168064,793906973246951424,793908117687955456,793907957977194496]	346	0.35672	[433937025]	[3202474484,126957063,351630233,360613863,123337586,4888155731]
178	793909473551286276	[793907824782868480,793909473551286276,793909296937463811,793908824671420416,793908652839239681,793908278073909248,793907888989282304,793908847178022912,793909358509826048,793909175919206400,793909023380766720,793908942665617408]	629	0.861271	[706625433790455000,259202358,19644086,545166790]	[104756286,21707108,1225233846]
179	793906938824114176	[793906938824114176,793908852936753152,793908481434628097,793907104071446528,793907025453412353,793907016414662656,793907004947456000,793907004221820928,793907004091854848,793906961800540160,793906950714986496,793908947807764482,793908885065203712,793908660187590657]	297	0.229697	[2179946109,2591468391,311549242,116819694,53917479]	[723950803,1083319332,399394432,468246172,611804930,762273455936905000,2726193068]
180	793909352973369344	[793908578918727680,793909450230919168,793909352973369344]	462	0.772163	[434329853,721360616347299000]	[16558943]
181	793907226196992001	[793907775034253312,793907226196992001]	600	0.913788	[249750606,134753624]	[316797199]
182	793909295821778944	[793909295821778944,793908160260141056]	279	0.138635	[708263178912673000,4916468539]	[2314133220]
183	793908652197482496	[793908652197482496,793909256206647296,793908553975201795]	535	0.100624	[620709740]	[249750606,24528762]
184	793908973338517506	[793908973338517506,793909161520205825,793909122936758272,793908414669815808,793906901142601728]	864	0.106221	[351630233,353768363,37914599,552816588,346708565]	[4252846115]
185	793908795835551745	[793908795835551745,793908523923017729,793908312584642560,793908295207620613,793908145542328324,793908022452051968,793909438558117888,793908602302042112]	912	0.186117	[228686553,280459733,3194078982,184763298,789031285746458000,744124173606354000]	[2484797932,580719868]
186	793907247088705536	[793909200074268672,793907247088705536]	513	0.159196	[196188460,709205867435003000]	[265962961]
187	793909435500490752	[793909435500490752,793909385416368128]	314	0.692782	[29318136]	[56165695]
188	793909522913980416	[793908633687957505,793907340458229760,793909522913980416,793908023811043328,793907823696605184,793907661897162752,793907449073954816,793907039814569985,793907074975559680,793909376901865473,793907590057037824]	139	0.319777	[356098405,4561879404,19126347,723251650174017000,54492383,3005650478]	[35741698]
189	793908389566935040	[793908851783368704,793908789573513216,793908389566935040]	526	0.645663	[202385668]	[326142866,61177115,2487102807]
190	793907372272001025	[793908475545944067,793907372272001025]	996	0.445001	[14190593,248726375]	[410313865]
191	793908550816952320	[793908584656543744,793906877084143616,793909102548291584,793908550816952320,793906877671305217,793907785150894080,793907172992229380]	574	0.338477	[360023634,748693568978505000,20428822]	[702715164]
192	793908947900039168	[793907947852206080,793908947900039168,793907716888592384]	226	0.740507	[347951481,17808531,730673128955904000]	[889928526]
193	793909494938042368	[793909494938042368,793908665531113478,793907042637479936]	934	0.301322	[22237401,2928019319]	[781178018454700000]
194	793908926584647680	[793908926584647680,793907803819765760]	812	0.171265	[370119444,2285319241]	[2344050265]
195	793909352654659585	[793909352654659585,793907781359247361]	353	0.882953	[249750606]	[293590755,2170578789]
196	793906909988458497	[793909239416758272,793906909988458497]	390	0.20859	[1658594676,505951105]	[55554468]
197	793907383223353344	[793906962295623680,793907383223353344,793909463946240000,793907398088003584]	506	0.152442	[122016493,334058631]	[2327434344]
198	793908478955884544	[793909313307807744,793908478955884544]	411	0.273837	[247599114]	[380185975,426005808]
199	793906930918027264	[793908363885248512,793907358455984129,793906930918027264,793909372426551296,793907331549384704]	267	0.469294	[1527714834,1656335750,390253412,1412797112,138062740]	[2976237925]
200	793908409955389440	[793907942684782592,793908409955389440,793908192648564736]	343	0.853477	[12415612,275985715]	[2822373769,3846701692]
201	793908678608969729	[793908678608969729,793907440802824192,793908951700168704,793908646455435265]	792	0.885258	[153359342]	[292260629,214237884]
202	793908036788219905	[793909116490186752,793908036788219905,793908001316929536,793907457777098753,793909198983688192,793908459846656000]	314	0.255797	[762018054322749000,87818409,84114252,559530477,189088444,18416299]	[2755751021]
203	793909188011364353	[793909188011364353,793907468556304384]	221	0.709212	[61177115,149901062]	[573735854]
204	793909258895196161	[793909258895196161,793907919850991616]	438	0.412608	[2811168768,3036764830]	[3929185582]
205	793908929927507971	[793908929927507971,793908468918919168,793909510842748928,793907962620342274]	742	0.25093	[869684162,3396400733,16041298,280450788]	[1158164652]
206	793908993014034432	[793907720973852673,793907906118819840,793907790259552260,793908476825174016,793908406163804160,793908993014034432,793907641672163329]	606	0.728068	[1051701277,204530404,197562665]	[214110962]
207	793907041484046336	[793907115974766592,793908525781114880,793907315569082368,793907538077048832,793909154213720065,793908441748148224,793909472452378625,793907931926372354,793908227846963201,793906938652270592,793907286095831046,793907958069559296,793907151236456448,793907596981833728,793907443344498688,793908476464472064,793908038793035776,793907041484046336,793908823744454656,793907781195759616,793907356555939840,793908486522466305,793907818143354880]	529	0.68928	[544354062,725610459836112000]	[302720208,296567612,167431881,2995865536,1225233846,514299439,446044578,3422058208,712302199674675000,307813743,41211760,54178792,292987643,717293835634745000,2887808645,3423282561,711561843379212000,95000293,143491915,227469223,185878842]
208	793908642391199744	[793907155690717184,793908966644445189,793908642391199744]	849	0.918054	[923496786,4920598203]	[3068541683,547946524]
209	793908422806757376	[793908422806757376,793908168334213120]	901	0.607509	[5859982,44997438]	[2166828715]
210	793907580905070592	[793909495802003456,793907822740111360,793907580905070592]	156	0.997311	[3260914549,989166360]	[55554468]
211	793909528714735617	[793908263536525312,793909254814048256,793908554344329224,793908538942840832,793909528714735617,793908568298778624,793907516413341700,793906969316909056]	625	0.651935	[464809324,753741463,77776648,25264158,157462695,142638559,1274894250]	[186157750,42336857]
212	793908178165661696	[793907352265166852,793908956888338432,793906951071485952,793908458655547392,793908037010460675,793908178165661696,793908107965386752]	109	0.532743	[2572675230,138075752]	[3346451062,2250815868,329698600,2734460614]
213	793907851785859072	[793908695952490496,793908670815928320,793907851785859072]	990	0.162183	[4507121909,2751594014]	[793044632]
214	793908595695951874	[793908890245144576,793908595695951874]	701	0.016518	[4201416195]	[896307764]
215	793908915595608064	[793908964450713600,793908915595608064]	801	0.994009	[2525915053,125743025]	[240214426]
216	793909050819784704	[793909050819784704,793908946398478336,793907206341156864,793907198413922304,793909074341535746,793908639270576128,793907498931654656,793907699096363008,793907592347152384]	238	0.091752	[1480641457]	[160122131,3003739203,477052929,307758952,262761577,266628437,104979795,3127651429,2979624538]
217	793908148054724608	[793907094130921472,793908313528365056,793907753496481793,793908350597619712,793908148054724608]	297	0.694359	[4446223942,3006690178,76372332,451998269,893111221]	[579967761]
218	793909223549640704	[793907975521964032,793907087155888128,793909394199150592,793908315143241729,793908816010035201,793908673370349568,793909223549640704,793908342435569664,793908201603366912,793907729781911552,793907657035943936,793907507936784384,793907491147055104,793906904514854913,793908260667584512,793907883289305088]	753	0.826643	[17710558,92103672,18760928,1065190608,125042858,1557835716,3405661762,113947349,2172319444,422164503,1177420700,772242233567346000,14441334,17703409]	[441928611]
219	793909211033923584	[793907182139908100,793909211033923584,793908844095242242]	480	0.39652	[716378272725078000,3331514968]	[2327875854,470299857]
220	793908357828673536	[793908900907155458,793908432919203844,793908357828673536,793908017691492352]	579	0.135434	[560685104,1394315468]	[726074215,4538223857]
221	793908252278923264	[793908482454020096,793908071701606404,793907859352326144,793908252278923264,793908163267485698,793907612991488000]	702	0.023256	[7076492]	[3303539129,2765785161]
222	793907802422902784	[793908650834268185,793907045720260608,793909497207066627,793908497247240192,793907802422902784]	947	0.152732	[3238990143,23290375,2903780945,710123098876420000]	[18900580,83567424]
223	793907291187798016	[793907291187798016,793908247430189056,793907734668275712]	302	0.441516	[17309490,3253821303]	[360661000,3341198241]
224	793907664149413888	[793909394295644160,793907154554068992,793907664149413888,793907323823587328,793908131956805632,793908128039505920]	948	0.609062	[1050385220,202598896,780736986881495000]	[3937645816,336558514]
225	793907415662075904	[793907692574273540,793909446057525248,793908603098951682,793907415662075904,793908224491675648,793907709674487808,793907836392706048,793906934248247296,793909547622600704,793908189074956288,793906985573949441,793906979676778496]	104	0.461756	[19451664,716096336,21428264,466839587,736892991042904000,2172319444,66975075,893111221,3246055179,2673532213]	[107802803,256415196]
226	793907971793227778	[793907514584797184,793907971793227778,793909414499610625,793909170768646144,793909263399841792,793908860935348225]	879	0.096334	[831170912,1127879827,29318136]	[23227936,877774969,481102141]
227	793909106658648064	[793909106658648064,793908963578351616,793907884560158720,793907637641510912]	837	0.795343	[1291850300,702633543718080000]	[28768151,3069493113,231390130]
228	793908204073840642	[793909244739235840,793908204073840642]	382	0.929554	[791043180]	[740159777234378000]
229	793908234004430848	[793908234004430848,793907020931993600,793908563559256064,793907518707728384]	876	0.422651	[988770781,1316721312,131225476]	[20145509]
230	793907625268244481	[793907625268244481,793907028041359360]	797	0.688162	[775313323281747000]	[235495289,2351087548]
231	793907031564574720	[793909432715468801,793907031564574720]	873	0.722459	[292619181]	[125970377,2663116351]
232	793906944775950337	[793908319714938882,793908116433829888,793906944775950337]	685	0.553856	[767910546813452000,219983463,637101726]	[3713245694]
233	793906893387223040	[793906893387223040,793909483340701697,793909257997578240,793908623738957824,793908552205205504,793908110901608449,793907899374276609,793907062526840833,793906984554733568,793908426778648576,793906975625076737]	106	0.734222	[2824391342,14250387]	[3265559538,237238489,29075225,790299553018834000]
234	793907244983283712	[793907753077047298,793907244983283712,793908681733705729,793907437916958721,793909196731322373,793907632104955904,793907976428019712,793907540681687044]	427	0.262581	[14493067,31724273,4424423595,1550778296,769891373080281000,156290470]	[19785432,805411681]
235	793909259490689025	[793907241539682304,793909500830945282,793909114493607936,793909294274084864,793909259490689025]	473	0.741792	[1891949672,780754069,14250387,315847559,783396136816091000]	[214237884]
236	793909187889664000	[793909187889664000,793909174195220480,793909016657268736,793908811073523712,793908618424786944,793908542524751872,793908537176899584,793908503215738880,793908481594130433,793908434001334273,793908428867510274,793908280233955329,793908262068424704,793908221685661700,793908177070764032,793908143273181184,793908140202987520,793908124407197696,793908092639399936,793908086100680704,793908059609374721,793908039019618304,793908033059450882,793907979925983232,793907951631089664,793907937764749312,793907864339353600,793907840763265024,793907802485833728,793907794952916992,793907790116978689,793907761666981888,793909525690531840,793909517394186241,793909367833788416,793909358325297152,793907752888332292,793907725130289152,793907709913350144,793907687083966464,793907489393606656,793907328915562496,793907277833052165,793907209805631488,793907629772906500,793907602727895040,793907583484620800,793907499422351361,793907184929079296,793907129316872192,793907120366174209,793907105250045952,793906968100474880,793906952594034688,793906890174504961,793906883362832384,793909492006125569,793909437714968577,793909410779267072,793909390411755520,793909341422137344,793909281884147712,793909265857527808,793909210492772352,793908772338946048,793908648967831552,793907075990503424,793906992624476160,793908726562447360,793908386190491648]	166	0.848717	[2332571271,19733341,588604189,702715164,770257692,154588808,21576841,217504935,2584178034,171922892,131225476,1862901781,349768051,216750349,4831603043,3003739203,34415265,973805930,27487279,434329853,4342659921,31375837,3195124612,19928184,492040007,58287532,441928611,1412797112,138085968,2363187666,32824532,156423999,618225270]	[2786541083,205770556,78376458,2573182502,3098841983,484935028,390253412,3393630455,2813049204,207441433,748506876892090000,1266742248,343460878,113477178,17193019,100479245,2396188842,902571277,97402474,23392365,277954367,703353091899432000,473102437,200543096,365524314,1134262608,22257624,407600515,711561843379212000,68361243,583016711]
237	793908168053104641	[793909254419808256,793908168053104641]	366	0.532439	[4120303007]	[3127288690,409116367]
238	793909243401437184	[793909243401437184,793907663637712900]	305	0.770313	[54495050,2785418944]	[770908003822428000]
239	793908986647023616	[793907987685474304,793908986647023616,793907760891035648]	305	0.276389	[322569568,6749452,146137781]	[593278058]
240	793907157829902337	[793907157829902337,793909303748988934,793907313107144705]	711	0.413906	[2325428136,1652629784,380517384]	[70664947]
241	793908768849399808	[793908768849399808,793908685747650565]	1000	0.19891	[265962961,229794422]	[533578801]
242	793909562541744128	[793909562541744128,793908456747048961]	225	0.933655	[4201587983,750781552053878000]	[292299258]
243	793907063537672192	[793906891852242944,793907063537672192,793907627050885124,793907354328784898,793907243339149312,793907088502169600,793908229101195266,793907825617596416,793907808328712192,793907722878148608,793908845982670848,793908780480200714,793908602021052416,793908233199087617,793909402168360960,793909116091633666,793908967239999488,793908956359974912,793908774264303616,793908938060230657,793907252906356738]	756	0.552624	[19780714,28096651,2718102598,2724896585,4342659921,119160232,583016711,769941058994237000,61177115,757204470,50788866,1295283162,1528101612,2996024735,571743321,788430914355290000,16041298]	[161606606,709205867435003000,95000293,645603]
244	793907567701422080	[793907479239417857,793908446471024641,793907567701422080]	677	0.627064	[2572675230,58972885]	[775482296782716000]
245	793907499934031872	[793907934166183936,793907564866068481,793907499934031872]	408	0.958704	[16973333]	[274216165,230658061,3037079585]
246	793909138485026816	[793909138485026816,793907521543086080,793909300498432000,793907245062971394]	186	0.463604	[45288884,187210167,626701400,54537827]	[732757862]
247	793909358186860549	[793909358186860549,793908643896954880]	974	0.450239	[744480047789146000]	[58030060]
248	793907593550897152	[793908270557782020,793907876658118656,793909242201837572,793907823231004677,793906996030345216,793909243497836546,793907628363522048,793907789320032257,793907779081830400,793908189393784832,793908220850946048,793908569934626821,793908871597350917,793907437883375616,793909141865631746,793908079364571136,793908660481167365,793906950027214850,793908893852307458,793908328090968070,793909250854625280,793909192197308416,793909101877202946,793908859245043712,793907867183185920,793907814057984000,793907803329093632,793907728049696768,793908178702503938,793908133890580480,793907943213240320,793907868755976192,793908353500143617,793908290002518016,793908204635877376,793908202580615169,793908815553069060,793908451965558785,793908442918449152,793908405966630912,793907680196911105,793907593550897152,793908685412016128,793909431356358656,793909134596788225,793908461763489792,793908205982216192]	779	0.603613	[21490014,28186992,51007626,2801891,761303830080262000,2817648806,711897664183517000,2538090492,23318055,2330883598,49172648,2985919606,2184672177,38205332,88889613,2851539231]	[754652010,145529753,2784262488,144365572,2718882891,2726193068,86988676,16308601]
249	793909088417497088	[793909360401510400,793909088417497088,793908750251851776]	777	0.35648	[2573182502,2382548090]	[102325185,4666994065]
250	793909386372648961	[793909386372648961,793909339794718721,793909313492353024,793909244219170816,793908159085772800,793908092945698816,793907792465854465,793907763147460608,793908866652061696,793908828790226945,793908757965119488,793908755595337729,793908656186286084,793908642068238340,793908622652624896,793908592432873472,793908550124855296,793908497066823680,793908483200524288,793908421594640384,793908416548728832,793908405421240320,793908384449826816,793908317760327680,793909482275340289,793909402566729728,793909394811551744,793909394413092864,793909546309877760,793909529759088642,793909502890369024,793909487996309504,793909060659605504,793908984642031616,793908959631515648,793908923623276545,793909564626214912,793909555822460930,793909139181211648,793909094478479360,793907233687904256,793907425640345604,793907244794462208,793907103899475970,793908543351037952,793907704158883841,793906939059200000,793907504006791172,793907091857637380,793907084156952576,793907071158804480,793907749931352065,793907713906450433,793907696026193922,793907616321773569,793909087796887554,793908424052449281,793908107726426112,793907860812029952,793909386401964032,793909346048610304,793909278729969664,793909153349664768,793908693133881344,793907704007888896]	777	0.489937	[15110357,3288341109,409116367,2750688561,712257989059727000,968785651,3167566834,2951248157,347951481,122097314,14448712,499756092,966442706,3166038078,2294982169,1179723746,3070119119,2187983765,65371363,20585449,768133193291722000,3052095397]	[169985197,776419336143638000,2855645980,27967725,595349897,2929179196,718852076516745000,889928526,218544880,1125937411]
251	793908215172005889	[793907030222376964,793908215172005889,793907153681715201]	724	0.113926	[2330883598]	[710946054540304000,710123098876420000]
252	793908244771172353	[793908606739578880,793908244771172353]	940	0.989582	[466839587]	[750362236326072000]
253	793908192132595712	[793909215609913345,793908192132595712]	823	0.073749	[2562544931]	[1320007608,4522471]
254	793907067329212416	[793908563345367044,793907067329212416,793909251316080645,793908803226001408,793908593196236804,793908561906728961,793908194640793600,793907629793939458,793907604757958657,793907341309730816,793907905749774336,793907709829640193,793907405125976065]	316	0.683351	[872271300,198266818,21489341,719446423192866000,3311906587,464809324,764641751420116000]	[20750553,762100045625843000,1528101612,360023634,1853894491,268391975]
255	793909076254138368	[793909198711054336,793909335936077824,793909076254138368]	875	0.669846	[2975585836]	[772109849861709000,380517384,532222780]
256	793907032927518722	[793908163678461952,793907032927518722,793909482518700032,793909213101694976]	812	0.741957	[72529640,2562268036]	[149503143,307758952]
257	793908643863400448	[793908643863400448,793908956389314561,793908448220024832]	609	0.693809	[16973333]	[717570051507793000]
258	793908941734412288	[793909353644486656,793908941734412288,793909474016759809,793907584084443136]	706	0.62351	[2462110090,80512142,20547642]	[87300191,360613863]
259	793909128112508928	[793909128112508928,793909319615922176,793909229207842816,793908853989634051,793909010374205440,793908960759803904,793909127756021760,793908507284234240]	376	0.682862	[3629616797,3038533441,4794560782,2538090492,4211418807]	[36215924,386306342,2684619086]
260	793907084773523457	[793907084773523457,793907819187695616,793907478476062724,793908851506552833,793907983944212481]	255	0.991235	[723251650174017000]	[3246499629,866906880,122667692]
261	793907419084718080	[793909413761454080,793907334993022976,793909203245076481,793907419084718080]	954	0.203013	[14522779,3855111569]	[2846868083]
262	793908570639241216	[793908546735841280,793908570639241216,793907237420994560,793909361051598848,793907864251367424,793908718555586560,793908649752141824]	601	0.23334	[877886887,2789120208,23214360,264120850,4384743833,19394491]	[388466131]
263	793909496959688704	[793907660408102912,793908612166975489,793909496959688704,793907848522629120,793908933400215552,793908207928369152,793908071152189441]	130	0.547642	[17186566,33857533]	[16413362,496027530,2726193068,24913693]
264	793907537062100992	[793907537062100992,793908112814182400,793907605911564290,793907246338084865,793907476592746500,793907207951843328]	933	0.070834	[2382548090,2786507496,709413460065570000]	[210205453,362389854,273581549]
265	793908338136416257	[793908852710334464,793909057954480128,793908035378962438,793907405046353920,793906977520947200,793908338136416257,793908790085255168,793908588599250952,793908736897249280,793907963736027138,793907134597566464]	126	0.973229	[3394259241,49667012,33205675,214237884,271615868,2334443035,377020573,22964326,27652717]	[314200747]
266	793908693075124224	[793906969375567872,793908693075124224,793908516327227392]	329	0.690029	[2873176166]	[3202474484]
267	793907221310603264	[793908555975983104,793907806562816000,793907120102109184,793907221310603264,793909557382770688,793909309562314752,793907685691392000,793907476366299136,793907442623152128,793907367163355136,793909249126653952,793908708627587072,793908195291004928,793907721519128576,793908441605603328,793908706362753030,793908551576121344,793908927507431424,793908642483429378,793909214661976064,793907185478762496]	478	0.117756	[3362016513,197562665,380517384,4875923319,34713362,473102437,901205930,960747942,2484923943,353204765,24462505,3065034988,3080479098,26088207,18450348]	[966442706,3167566834,390253412,31223044]
268	793909547798781952	[793907397379158016,793908947770085376,793907873365499905,793909415783063552,793907380773916676,793907313845346305,793907092298067969,793908458475098113,793907020881596417,793908632408748032,793909462121734144,793908870691291136,793909547798781952,793909246849118208,793909163848003584,793908981135802368,793908957966430208,793908944267776000,793907381197496320,793907409689411584,793907270606262272,793908563953451009,793907595060928513,793909359952719873,793908933832347650,793908710082945024,793907890511896581]	628	0.946729	[1891949672,749069754,487959047,3311752478,2700658820,408388906,942147613,18722145,409116367,2538114890,4684421,1003595251,267663347,4169782817,377020573,2978112105,357545827,910683680,3513715342,317185279,16548560,3064085933,307758952,79279200,3329570553]	[1065190608,2958701756,778349303484059000]
