790457313614295000,2
790458131780362000,3
790458131776167000,2
790459655994638000,2
790459656120463000,2
790457314096611000,2
790459656002998000,4
790459655998889000,2
790459656019779000,2
790457314096668000,2
790458131813900000,2
790457313635205000,2
790462393956593000,2
790458131780341000,3
790459656011386000,2
790459655994703000,2
790459655994675000,4
790457313622691000,2
790459655998828000,2
790459656003018000,2
790462394774478000,2
790459656007217000,3
790482138294607000,2
790457314650316000,2
790459656015585000,2
790462394011099000,3
